robotID,a,b,c
0,6.2102515345551677,14.605701859235458,16.470870386896106
1,-0.15343875145374006,147.42110982240388,-214.38793344822008
2,3.3654188038247002,96.83145019756428,-135.07228324363837
3,10.448655781550221,47.656151996617695,66.858468054601943
4,7.0686012252638992,13.411403526713775,82.017104614271261
5,22.479628277550738,-85.968500254727928,259.41171726229464
6,-3.5384891739198099,146.50449203670041,-297.80334210554844
9,9.4052775740191024,-3.3035702882371134,76.724778869268562
